project_id,project_name,customer_id,customer_name,project_status,is_billable,project_start_date,project_end_date,first_activity_date,last_activity_date,project_type_name,project_service_line_level_2,project_service_line_level_3,project_service_line_level_4,project_sic_code,project_sic_code_name,project_industry_level_2,project_industry_level_3,project_industry_level_4,project_cost_center_level_2,project_cost_center_level_3,project_cost_center_level_4,project_leader_employee_id,project_leader_name
PRJ-20480835,"North Ridge Health Group - AS 001 Audit Excl SEC, GAS, EBP, FDICIA - 2025",C100377,North Ridge Health Group,Completed,true,2025-03-09,2025-06-16,2025-03-12,2025-06-16,"AS 001 Audit Excl SEC, GAS, EBP, FDICIA",Assurance,Audit,Audit,8021,"8021 - HC-DENTISTS,OFFC OF",Health Care,Health Care and Life Sciences,Dentists,Midwest,Upper Midwest,Minneapolis,E04554,Shannon Jones
PRJ-20481535,"North Ridge Health Group - AS 001 Audit Excl SEC, GAS, EBP, FDICIA - 2026",C100377,North Ridge Health Group,Active,true,2026-03-26,2026-06-05,2026-04-06,2026-05-04,"AS 001 Audit Excl SEC, GAS, EBP, FDICIA",Assurance,Audit,Audit,8021,"8021 - HC-DENTISTS,OFFC OF",Health Care,Health Care and Life Sciences,Dentists,Sunbelt,CaroLantAville,Greater Tennessee,E04577,Megan Young
PRJ-20482227,North Ridge Dental Holdings LLC - TX 131 1065 Compliance - 2026,C100804,North Ridge Dental Holdings LLC,Active,true,2026-03-19,2026-07-06,2026-03-30,2026-05-01,TX 131 1065 Compliance,Tax,Federal Tax Strategies,Federal Tax Strategies,8021,"8021 - HC-DENTISTS,OFFC OF",Health Care,Health Care and Life Sciences,Dentists,Midwest,Upper Midwest,Minneapolis,E04579,Lisa Barnes
PRJ-20483699,North Ridge Dental - Iowa - TX 131 1065 Compliance - 2026,C100869,North Ridge Dental - Iowa,Active,true,2026-01-13,2026-05-24,2026-01-20,2026-05-03,TX 131 1065 Compliance,Tax,Federal Tax Strategies,Federal Tax Strategies,8021,"8021 - HC-DENTISTS,OFFC OF",Health Care,Health Care and Life Sciences,Dentists,Midwest,Central,Greater Iowa,E04529,Anthony Rodriguez
PRJ-20485694,North Ridge Dental - Iowa - AS 009 Review (Other than SEC) - 2026,C100869,North Ridge Dental - Iowa,Active,true,2026-01-20,2026-08-30,2026-01-22,2026-05-05,AS 009 Review (Other than SEC),Assurance,Review,Review,6512,6512 - RE-Operators - Commercial and Industrial Bldgs,Financial Services and Real Estate,Real Estate,Lessors & Operators,Midwest,Central,Greater Iowa,E04723,Priya Anand
PRJ-20486440,North Ridge Specialty Surgery LLC - DT 254 HIPAA Security Risk Analysis - 2026,C101212,North Ridge Specialty Surgery LLC,Active,true,2026-02-22,2026-07-15,2026-03-07,2026-05-01,DT 254 HIPAA Security Risk Analysis,Digital,Digital - Cybersecurity,IT and Cyber Services,8011,"8011 - HC-PHYSICIAN,OFFC OF",Health Care,Health Care and Life Sciences,Physicians,Midwest,Upper Midwest,Minneapolis,E04571,Whitney Peters
PRJ-20487933,Cascade-backed Lakeside Manufacturing - OS 234 Enhanced Managed Services - 2026,C101579,Cascade-backed Lakeside Manufacturing,Active,true,2026-04-03,2026-12-12,2026-04-03,2026-05-01,OS 234 Enhanced Managed Services,Outsourcing,Talent Solutions,HR Consulting & Outsourcing,3949,3949 - MF-Sport/Athletic Gd,Industrials,Manufacturing,Consumer Products,Midwest,Wisconsin,Southern Wisconsin,E04565,Amber Kidd
PRJ-20488579,Cascade-backed Lakeside Manufacturing - OS 271 Internal Audit - 2025,C101579,Cascade-backed Lakeside Manufacturing,Completed,true,2025-03-18,2025-05-19,2025-03-28,2025-05-19,OS 271 Internal Audit,Outsourcing,Talent Solutions,Talent Solution - Search,3949,3949 - MF-Sport/Athletic Gd,Industrials,Manufacturing,Consumer Products,Midwest,Wisconsin,Southern Wisconsin,E04567,Carol Tucker
PRJ-20489718,Cascade-backed Lakeside Manufacturing - AS 004 Single Audit - 2026,C101579,Cascade-backed Lakeside Manufacturing,Active,true,2026-01-24,2026-09-25,2026-01-28,2026-05-05,AS 004 Single Audit,Assurance,Compilation,Compilation,8221,8221 - HE-Public/Govt College/Univ,Service Industries,Higher Education,Government Higher Education,Midwest,Wisconsin,Southern Wisconsin,E04558,Brent Jordan
PRJ-20490943,Cascade-backed Apex Logistics LLC - DT 210 External Penetration Testing - 2025,C101820,Cascade-backed Apex Logistics LLC,Completed,true,2025-05-03,2025-07-23,2025-05-14,2025-07-23,DT 210 External Penetration Testing,Digital,Digital - Data and Automation,Data and Automation,8399A,"8399A - NP-Foundation-Community,Supporting,FundRaising",Service Industries,Nonprofit,Foundations,Sunbelt,CaroLantAville,Greater Tennessee,E04530,Rebecca Henderson
PRJ-20491057,Cascade-backed BrightLeaf Foods - DT 210 External Penetration Testing - 2026,C102316,Cascade-backed BrightLeaf Foods,Active,true,2026-02-03,2026-06-29,2026-02-03,2026-05-05,DT 210 External Penetration Testing,Digital,Digital - Data and Automation,Data and Automation,2099,"2099 - AG-Food Prep, nec",Other Industries,"Agribusiness, Food and Beverage",Food and Beverage,Midwest,Upper Midwest,Northern Minnesota,E04531,James Ferrell
PRJ-20492964,Cascade-backed BrightLeaf Foods - TX 188 SALT Consulting - 2025,C102316,Cascade-backed BrightLeaf Foods,Completed,true,2025-05-08,2025-09-16,2025-05-18,2025-09-16,TX 188 SALT Consulting,Tax,Business Tax,Business Tax,2099,"2099 - AG-Food Prep, nec",Other Industries,"Agribusiness, Food and Beverage",Food and Beverage,Midwest,Upper Midwest,Northern Minnesota,E04509,Ryan Munoz
PRJ-20494828,Cascade-backed Summit Health Services - DT 433 Intacct Implementation - 2026,C102490,Cascade-backed Summit Health Services,Active,true,2026-06-21,2027-02-01,2026-06-22,2026-05-01,DT 433 Intacct Implementation,Digital,Digital - Data and Automation,Data and Automation,8011,"8011 - HC-PHYSICIAN,OFFC OF",Health Care,Health Care and Life Sciences,Physicians,West,PacWest,Northern California,E04506,Abigail Shaffer
PRJ-20496263,Cascade-backed Summit Health Services - TX 130 1120S Compliance - 2025,C102490,Cascade-backed Summit Health Services,Completed,true,2025-02-09,2025-08-06,2025-02-12,2025-04-02,TX 130 1120S Compliance,Tax,International Tax,International Tax,8011,"8011 - HC-PHYSICIAN,OFFC OF",Health Care,Health Care and Life Sciences,Physicians,West,PacWest,Northern California,E04554,Shannon Jones
PRJ-20497162,Cascade-backed Summit Health Services - AS 013 Other Agreed Upon Procedures (exc - 2025,C102490,Cascade-backed Summit Health Services,Completed,true,2025-04-07,2025-09-16,2025-04-21,2025-06-05,AS 013 Other Agreed Upon Procedures (exc,Assurance,Review,Review,8011,"8011 - HC-PHYSICIAN,OFFC OF",Health Care,Health Care and Life Sciences,Physicians,West,PacWest,Northern California,E04562,Connor West
PRJ-20498480,"Cascade-backed Coastal Hardware Co - AS 001 Audit Excl SEC, GAS, EBP, FDICIA - 2025",C102686,Cascade-backed Coastal Hardware Co,Completed,true,2025-05-16,2025-11-20,2025-05-30,2025-11-11,"AS 001 Audit Excl SEC, GAS, EBP, FDICIA",Assurance,Assurance Related Consulting,Assurance Related Consulting,3429,3429 - MF-Hardware nec,Industrials,Manufacturing,Hardware,Firmwide,National,National Resources,E04506,Abigail Shaffer
PRJ-20499438,"Cascade Equity Partners - AS 001 Audit Excl SEC, GAS, EBP, FDICIA - 2026",C101295,Cascade Equity Partners,Active,true,2026-04-04,2026-10-26,2026-04-07,2026-05-05,"AS 001 Audit Excl SEC, GAS, EBP, FDICIA",Assurance,Audit,Audit,6712,6712 - FS-Bank Holding Co,Financial Services and Real Estate,Private Equity,Private Equity - Industry Segment,Midwest,Heartland,Northern Illinois,E04530,Rebecca Henderson
PRJ-20500913,Cascade Equity Partners - TX 162 Transaction Tax-Due Diligence-Buy - 2026,C101295,Cascade Equity Partners,Active,true,2026-05-11,2026-09-14,2026-05-14,2026-05-03,TX 162 Transaction Tax-Due Diligence-Buy Side,Tax,Transaction Tax,Transaction Tax,6712,6712 - FS-Bank Holding Co,Financial Services and Real Estate,Private Equity,Private Equity - Industry Segment,Midwest,Heartland,Northern Illinois,E04572,Brittney Phillips
PRJ-20502371,"Beacon Construction Group - AS 001 Audit Excl SEC, GAS, EBP, FDICIA - 2026",C102970,Beacon Construction Group,Active,true,2026-02-15,2026-09-02,2026-02-26,2026-05-03,"AS 001 Audit Excl SEC, GAS, EBP, FDICIA",Assurance,Audit,Audit,1541,1541 - CO-General Contractors-Industrial Bldgs & Warehouses,Industrials,Construction,Commercial Contractors,West,PacWest,Central California,E04536,Sherri Baker
PRJ-20502902,Beacon Construction Group - TX 131 1065 Compliance - 2026,C102970,Beacon Construction Group,Active,true,2026-03-04,2026-05-30,2026-03-15,2026-05-05,TX 131 1065 Compliance,Tax,Business Tax,Business Tax,1541,1541 - CO-General Contractors-Industrial Bldgs & Warehouses,Industrials,Construction,Commercial Contractors,Sunbelt,CaroLantAville,Greater Carolinas,E04517,Derek Zuniga
PRJ-20504700,Beacon Heavy Highway LLC - AS 003 Audit Performed under GAS (excl A - 2026,C103308,Beacon Heavy Highway LLC,Active,true,2026-06-21,2026-10-26,2026-06-29,2026-05-04,AS 003 Audit Performed under GAS (excl A-133 and Hud),Assurance,Audit,Audit,1799,1799 - CO-SpecTradeCont nec,Industrials,Construction,Highway Heavy,Firmwide,National,National Resources,E04526,Justin Baker
PRJ-20506245,Beacon Heavy Highway LLC - TX 131 1065 Compliance - 2026,C103308,Beacon Heavy Highway LLC,Active,true,2026-03-25,2026-06-26,2026-04-04,2026-05-03,TX 131 1065 Compliance,Tax,Business Tax,Business Tax,1799,1799 - CO-SpecTradeCont nec,Industrials,Construction,Highway Heavy,Sunbelt,CaroLantAville,Greater Carolinas,E04500,Allison Hill
PRJ-20506712,Lakeshore County Government - AS 004 Single Audit - 2026,C103600,Lakeshore County Government,Active,true,2026-06-04,2026-11-01,2026-06-16,2026-05-05,AS 004 Single Audit,Assurance,Audit,Audit,9111A,9111A - FED-EXECUTIVE OFFICE,Public Sector,Federal Government,Fed Gov,Midwest,Wisconsin,Central Wisconsin,E04531,James Ferrell
PRJ-20507033,Lakeshore County Government - AS 003 Audit Performed under GAS (excl A - 2026,C103600,Lakeshore County Government,Active,true,2026-04-26,2026-12-13,2026-05-09,2026-05-02,AS 003 Audit Performed under GAS (excl A-133 and Hud),Assurance,Audit,Audit,9111A,9111A - FED-EXECUTIVE OFFICE,Public Sector,State & Local Government,"Municipality (County, City, Town, Village, etc.)",Midwest,Wisconsin,Central Wisconsin,E04542,Sherry Decker
PRJ-20508917,City of Pinewood - AS 003 Audit Performed under GAS (excl A - 2026,C103948,City of Pinewood,Active,true,2026-04-08,2026-07-28,2026-04-21,2026-05-04,AS 003 Audit Performed under GAS (excl A-133 and Hud),Assurance,Audit,Audit,9111A,9111A - FED-EXECUTIVE OFFICE,Public Sector,State & Local Government,"Municipality (County, City, Town, Village, etc.)",Midwest,Wisconsin,Central Wisconsin,E04504,Cristian Santos
PRJ-20510744,Pinewood Housing Authority - AS 003 Audit Performed under GAS (excl A - 2026,C104405,Pinewood Housing Authority,Active,true,2026-06-07,2026-11-16,2026-06-12,2026-05-03,AS 003 Audit Performed under GAS (excl A-133 and Hud),Assurance,Audit,Audit,3743,3743 - MF-RAILROAD EQUIPMNT,Industrials,Manufacturing,Manufacturing & Distribution Miscellaneous,Midwest,Wisconsin,Central Wisconsin,E04503,Daniel Wagner
PRJ-20511365,"Vector Precision Industries - AS 001 Audit Excl SEC, GAS, EBP, FDICIA - 2026",C104514,Vector Precision Industries,Active,false,2026-05-14,2026-10-09,2026-05-25,2026-05-03,"AS 001 Audit Excl SEC, GAS, EBP, FDICIA",Assurance,Audit,Audit,3441,3441 - MF-FABRICATED STRUCT,Industrials,Manufacturing,Metalforming and Machining,Firmwide,National,National Resources,E04513,Michele Williams
PRJ-20512133,Pacific Boutique Retail Co - TX 129 1120 Compliance - 2024,C104564,Pacific Boutique Retail Co,Completed,true,2024-05-11,2024-12-26,2024-05-24,2024-07-24,TX 129 1120 Compliance,Tax,Business Tax,Business Tax,4213,"4213 - LO-Trucking,Exc Locl",Industrials,Logistics,Freight,West,Southern CA,Southern California,E04542,Sherry Decker
PRJ-20513355,"Pacific Boutique Retail Co - AS 001 Audit Excl SEC, GAS, EBP, FDICIA - 2024",C104564,Pacific Boutique Retail Co,Completed,true,2024-05-05,2024-08-22,2024-05-11,2024-08-22,"AS 001 Audit Excl SEC, GAS, EBP, FDICIA",Assurance,Audit,Audit,8748B,8748B - TE-Technology Consulting/Web,Service Industries,Retail,Consumer Services,West,Mountain,Greater Nevada,E04537,Cassandra Gaines
PRJ-20514359,Pacific Boutique Retail Co - AS 011 Compilation - Full Disclosure - 2025,C104564,Pacific Boutique Retail Co,Completed,true,2025-03-07,2025-08-24,2025-03-19,2025-08-24,AS 011 Compilation - Full Disclosure,Assurance,Compilation,Compilation,8748B,8748B - TE-Technology Consulting/Web,Service Industries,Retail,Consumer Services,West,Southern CA,Southern California,E04538,Elizabeth Fowler
PRJ-20515307,"Keystone Consumer Brands Inc - AS 001 Audit Excl SEC, GAS, EBP, FDICIA - 2026",C104723,Keystone Consumer Brands Inc,Active,true,2026-02-26,2026-06-16,2026-02-28,2026-05-01,"AS 001 Audit Excl SEC, GAS, EBP, FDICIA",Assurance,Audit,Audit,3949,3949 - MF-Sport/Athletic Gd,Industrials,Manufacturing,Consumer Products,West,PacWest,Central California,E04539,Brittany Farmer
PRJ-20516815,Keystone Consumer Brands Inc - TX 129 1120 Compliance - 2026,C104723,Keystone Consumer Brands Inc,Active,false,2026-02-23,2026-10-19,2026-03-01,2026-05-04,TX 129 1120 Compliance,Tax,Business Tax,Business Tax,3949,3949 - MF-Sport/Athletic Gd,Industrials,Manufacturing,Consumer Products,Northeast,Mid-Atlantic,Greater Philadelphia,E04573,Lauren Daniels
PRJ-20518793,Keystone Family Foundation - TX 117 990 Compliance - Tax Exempts - 2026,C105036,Keystone Family Foundation,Active,true,2026-04-08,2026-07-22,2026-04-20,2026-05-05,TX 117 990 Compliance - Tax Exempts,Tax,Federal Tax Strategies,Federal Tax Strategies,8399A,"8399A - NP-Foundation-Community,Supporting,FundRaising",Service Industries,Nonprofit,Foundations,Northeast,Mid-Atlantic,Greater Philadelphia,E04513,Michele Williams
PRJ-20520613,"Heritage National University System - AS 001 Audit Excl SEC, GAS, EBP, FDICIA - 2026",C105154,Heritage National University System,Active,true,2026-04-27,2026-11-13,2026-05-04,2026-05-02,"AS 001 Audit Excl SEC, GAS, EBP, FDICIA",Assurance,Audit,Audit,9111A,9111A - FED-EXECUTIVE OFFICE,Public Sector,State & Local Government,Other Governmental Entities,Northeast,Mid-Atlantic,Greater New York,E04564,Jessica Callahan
PRJ-20521269,Heritage National University System - TX 117 990 Compliance - Tax Exempts - 2026,C105154,Heritage National University System,Active,true,2026-04-21,2026-08-20,2026-04-25,2026-05-04,TX 117 990 Compliance - Tax Exempts,Tax,Federal Tax Strategies,Federal Tax Strategies,8222,8222 - HE-Private NP College/Univ,Service Industries,Higher Education,Private Higher Education,Sunbelt,CaroLantAville,Atlanta,E04566,Tracy House
PRJ-20521500,Heritage National University System - DT 210 External Penetration Testing - 2026,C105154,Heritage National University System,Completed,true,2026-01-05,2026-04-13,2026-01-08,2026-04-13,DT 210 External Penetration Testing,Digital,Digital - Cybersecurity,IT and Cyber Services,8222,8222 - HE-Private NP College/Univ,Service Industries,Higher Education,Private Higher Education,West,Northwest,Pacific Northwest,E04569,William Baker
PRJ-20522320,Heritage National University System - OS 219 CAAS System Services - 2026,C105154,Heritage National University System,Active,true,2026-05-15,2026-10-28,2026-05-15,2026-05-02,OS 219 CAAS System Services,Outsourcing,CAAS,Recurring - Accounting and Finance,9111A,9111A - FED-EXECUTIVE OFFICE,Public Sector,Federal Government,Fed Gov,Midwest,Heartland,Northern Illinois,E04542,Sherry Decker
PRJ-20523777,Sunshine Charitable Foundation - TX 117 990 Compliance - Tax Exempts - 2026,C105640,Sunshine Charitable Foundation,Active,false,2026-06-06,2026-12-02,2026-06-20,2026-05-02,TX 117 990 Compliance - Tax Exempts,Tax,Federal Tax Strategies,Federal Tax Strategies,8221,8221 - HE-Public/Govt College/Univ,Service Industries,Higher Education,Government Higher Education,Sunbelt,Florida,Orlando,E04551,Danny Morgan
PRJ-20524808,Florida Youth Services Coalition - AS 003 Audit Performed under GAS (excl A - 2026,C105829,Florida Youth Services Coalition,Active,true,2026-04-05,2026-09-30,2026-04-07,2026-05-01,AS 003 Audit Performed under GAS (excl A-133 and Hud),Assurance,Audit,Audit,8399,8399 - NP-SOCIAL SVCS NEC,Service Industries,Nonprofit,Other Nonprofit Agencies,Sunbelt,Florida,Orlando,E04723,Priya Anand
PRJ-20525014,Florida Youth Services Coalition - TX 117 990 Compliance - Tax Exempts - 2026,C105829,Florida Youth Services Coalition,Active,true,2026-03-25,2026-09-08,2026-03-29,2026-05-01,TX 117 990 Compliance - Tax Exempts,Tax,Federal Tax Strategies,Federal Tax Strategies,8399,8399 - NP-SOCIAL SVCS NEC,Service Industries,Nonprofit,Other Nonprofit Agencies,Sunbelt,Florida,Orlando,E04548,Joshua Blair
PRJ-20525449,"Apex Brokerage & Logistics LLC - AS 001 Audit Excl SEC, GAS, EBP, FDICIA - 2026",C105993,Apex Brokerage & Logistics LLC,Active,true,2026-05-07,2026-11-02,2026-05-18,2026-05-03,"AS 001 Audit Excl SEC, GAS, EBP, FDICIA",Assurance,Audit,Audit,6712,6712 - FS-Bank Holding Co,Financial Services and Real Estate,Private Equity,Private Equity - Industry Segment,Northeast,Mid-Atlantic,Greater New York,E04514,Dylan Miller
PRJ-20525704,"Hudson Freight Solutions Inc - AS 001 Audit Excl SEC, GAS, EBP, FDICIA - 2026",C106472,Hudson Freight Solutions Inc,Active,true,2026-05-01,2026-09-17,2026-05-10,2026-05-04,"AS 001 Audit Excl SEC, GAS, EBP, FDICIA",Assurance,Audit,Audit,4731,4731 - LO-3rd Party Logistics/Freight Forwarding,Industrials,Logistics,Brokerage/Logistics,Northeast,Mid-Atlantic,Greater New York,E04513,Michele Williams
PRJ-20527501,"Summit Software Inc - AS 001 Audit Excl SEC, GAS, EBP, FDICIA - 2024",C106646,Summit Software Inc,Completed,true,2024-06-11,2024-08-13,2024-06-24,2024-08-13,"AS 001 Audit Excl SEC, GAS, EBP, FDICIA",Assurance,Audit,Audit,8062,8062 - HC-Med/Surg HOSPITAL,Health Care,Health Care and Life Sciences,Hospitals Systems,West,Mountain,Rocky Mountains,E04564,Jessica Callahan
PRJ-20529292,"Summit Software (a Helio Tech Company) - AS 001 Audit Excl SEC, GAS, EBP, FDICIA - 2026",C107096,Summit Software (a Helio Tech Company),Active,true,2026-04-06,2026-12-09,2026-04-14,2026-05-03,"AS 001 Audit Excl SEC, GAS, EBP, FDICIA",Assurance,Audit,Audit,3429,3429 - MF-Hardware nec,Service Industries,Technology,Hardware,Sunbelt,Florida,Greater Tampa Bay,E04519,Carla Gray
PRJ-20530928,Summit Software (a Helio Tech Company) - TX 129 1120 Compliance - 2026,C107096,Summit Software (a Helio Tech Company),Active,true,2026-03-28,2026-07-28,2026-04-10,2026-05-01,TX 129 1120 Compliance,Tax,Business Tax,Business Tax,3429,3429 - MF-Hardware nec,Service Industries,Technology,Hardware,West,Mountain,Rocky Mountains,E04534,Debra Davidson
PRJ-20532651,"Magnolia Energy Holdings LLC - AS 001 Audit Excl SEC, GAS, EBP, FDICIA - 2026",C107488,Magnolia Energy Holdings LLC,Active,false,2026-04-18,2026-12-28,2026-04-21,2026-05-04,"AS 001 Audit Excl SEC, GAS, EBP, FDICIA",Assurance,Audit,Audit,3743,3743 - MF-RAILROAD EQUIPMNT,Industrials,Manufacturing,Manufacturing & Distribution Miscellaneous,Sunbelt,CaroLantAville,Atlanta,E04552,Crystal Robinson
PRJ-20533884,Peachtree Industrial Partners - TX 131 1065 Compliance - 2026,C107646,Peachtree Industrial Partners,Active,true,2026-02-13,2026-10-08,2026-02-16,2026-05-03,TX 131 1065 Compliance,Tax,Business Tax,Business Tax,3429,3429 - MF-Hardware nec,Industrials,Manufacturing,Hardware,Sunbelt,CaroLantAville,Atlanta,E04537,Cassandra Gaines
PRJ-20534231,"Magnolia-Peachtree JV - AS 001 Audit Excl SEC, GAS, EBP, FDICIA - 2026",C107980,Magnolia-Peachtree JV,Active,true,2026-06-18,2026-11-09,2026-06-23,2026-05-04,"AS 001 Audit Excl SEC, GAS, EBP, FDICIA",Assurance,Audit,Audit,3429,3429 - MF-Hardware nec,Industrials,Manufacturing,Hardware,Sunbelt,CaroLantAville,Atlanta,E04554,Shannon Jones
PRJ-20536014,"Pinnacle Financial Holdings Inc - AS 001 Audit Excl SEC, GAS, EBP, FDICIA - 2026",C108091,Pinnacle Financial Holdings Inc,Active,true,2026-05-10,2026-11-06,2026-05-17,2026-05-04,"AS 001 Audit Excl SEC, GAS, EBP, FDICIA",Assurance,Audit,Audit,6021,6021 - FS-Natl Commrcl Bank,Financial Services and Real Estate,Financial Services,Banks,Northeast,Mid-Atlantic,Baltimore/Washington,E04501,Noah Rhodes
PRJ-20536736,Pinnacle Financial Holdings Inc - TX 129 1120 Compliance - 2026,C108091,Pinnacle Financial Holdings Inc,Active,true,2026-01-19,2026-08-28,2026-01-29,2026-05-01,TX 129 1120 Compliance,Tax,Business Tax,Business Tax,6021,6021 - FS-Natl Commrcl Bank,Financial Services and Real Estate,Financial Services,Banks,Northeast,Mid-Atlantic,Greater Philadelphia,E04562,Connor West
PRJ-20538424,"Pinnacle Community Bank N.A. - AS 001 Audit Excl SEC, GAS, EBP, FDICIA - 2026",C108282,Pinnacle Community Bank N.A.,Active,true,2026-01-18,2026-09-30,2026-01-24,2026-05-05,"AS 001 Audit Excl SEC, GAS, EBP, FDICIA",Assurance,Audit,Audit,6021,6021 - FS-Natl Commrcl Bank,Financial Services and Real Estate,Financial Services,Banks,Northeast,Mid-Atlantic,Greater Philadelphia,E04531,James Ferrell
PRJ-20540039,Pinnacle Community Bank N.A. - DT 230 CIS Critical Controls Assessment - 2026,C108282,Pinnacle Community Bank N.A.,Active,true,2026-04-10,2026-11-06,2026-04-16,2026-05-03,DT 230 CIS Critical Controls Assessment,Digital,Digital - Cybersecurity,IT and Cyber Services,6021,6021 - FS-Natl Commrcl Bank,Financial Services and Real Estate,Financial Services,Banks,Northeast,Mid-Atlantic,Greater Philadelphia,E04557,Richard Aguirre
PRJ-20540292,Pinnacle Mortgage Lending LLC - TX 129 1120 Compliance - 2026,C108516,Pinnacle Mortgage Lending LLC,Active,true,2026-06-07,2026-10-12,2026-06-17,2026-05-01,TX 129 1120 Compliance,Tax,Business Tax,Business Tax,6021,6021 - FS-Natl Commrcl Bank,Financial Services and Real Estate,Financial Services,Banks,Northeast,Mid-Atlantic,Greater Philadelphia,E04526,Justin Baker
PRJ-20541825,"Cornerstone Manufacturing Group - AS 001 Audit Excl SEC, GAS, EBP, FDICIA - 2026",C108873,Cornerstone Manufacturing Group,Active,true,2026-02-26,2026-07-14,2026-03-07,2026-05-05,"AS 001 Audit Excl SEC, GAS, EBP, FDICIA",Assurance,Audit,Audit,9111A,9111A - FED-EXECUTIVE OFFICE,Public Sector,Federal Government,Fed Gov,Sunbelt,Texas,Greater Southwest,E04507,Gina Moore
PRJ-20542112,Cornerstone Manufacturing Group - TX 129 1120 Compliance - 2026,C108873,Cornerstone Manufacturing Group,Active,true,2026-05-18,2026-11-20,2026-05-25,2026-05-01,TX 129 1120 Compliance,Tax,Business Tax,Business Tax,3429,3429 - MF-Hardware nec,Industrials,Manufacturing,Hardware,Northeast,Mid-Atlantic,Baltimore/Washington,E04534,Debra Davidson
PRJ-20542570,"Cornerstone Precision Components LLC - AS 001 Audit Excl SEC, GAS, EBP, FDICIA - 2026",C109284,Cornerstone Precision Components LLC,Active,true,2026-05-01,2027-01-11,2026-05-11,2026-05-03,"AS 001 Audit Excl SEC, GAS, EBP, FDICIA",Assurance,Audit,Audit,3441,3441 - MF-FABRICATED STRUCT,Industrials,Manufacturing,Metalforming and Machining,Sunbelt,Texas,Northern Texas,E04573,Lauren Daniels
PRJ-20542856,Cornerstone Consumer Goods Inc - TX 188 SALT Consulting - 2026,C109635,Cornerstone Consumer Goods Inc,Active,true,2026-04-09,2026-07-24,2026-04-18,2026-05-04,TX 188 SALT Consulting,Tax,State & Local Tax (SALT),State & Local Tax (SALT),3949,3949 - MF-Sport/Athletic Gd,Industrials,Manufacturing,Consumer Products,Sunbelt,Texas,Southern Texas,E04955,Devon Carrington
PRJ-20543545,"Bayview Real Estate Holdings - AS 001 Audit Excl SEC, GAS, EBP, FDICIA - 2026",C110236,Bayview Real Estate Holdings,Active,true,2026-03-20,2026-11-28,2026-03-27,2026-05-04,"AS 001 Audit Excl SEC, GAS, EBP, FDICIA",Assurance,Audit,Audit,6531,6531 - RE-Real Estate Agents and Property Managers,Financial Services and Real Estate,Real Estate,Other Real Estate,Sunbelt,Florida,Greater Tampa Bay,E04566,Tracy House
PRJ-20543835,Bayview Real Estate Holdings - TX 131 1065 Compliance - 2026,C110236,Bayview Real Estate Holdings,Active,true,2026-01-01,2026-08-10,2026-01-10,2026-05-02,TX 131 1065 Compliance,Tax,Business Tax,Business Tax,4731,4731 - LO-3rd Party Logistics/Freight Forwarding,Industrials,Logistics,Brokerage/Logistics,Sunbelt,Florida,Greater Tampa Bay,E04562,Connor West
PRJ-20544977,Bayview Coastal Developers LLC - TX 131 1065 Compliance - 2026,C110641,Bayview Coastal Developers LLC,Active,true,2026-04-04,2026-11-15,2026-04-17,2026-05-02,TX 131 1065 Compliance,Tax,Business Tax,Business Tax,6552,6552 - RE- Land Subdividers and Developers,Financial Services and Real Estate,Real Estate,Developers & Subdividers,Sunbelt,Florida,Greater Tampa Bay,E04514,Dylan Miller
PRJ-20546304,Bayview Property Management Inc - AS 009 Review (Other than SEC) - 2026,C110852,Bayview Property Management Inc,Active,true,2026-04-16,2026-08-16,2026-04-23,2026-05-05,AS 009 Review (Other than SEC),Assurance,Review,Review,6512,6512 - RE-Operators - Commercial and Industrial Bldgs,Financial Services and Real Estate,Real Estate,Lessors & Operators,Sunbelt,Florida,Greater Tampa Bay,E04553,Mark Perez
PRJ-20546951,Bayview Property Management Inc - TX 129 1120 Compliance - 2026,C110852,Bayview Property Management Inc,Active,true,2026-01-09,2026-09-23,2026-01-21,2026-05-04,TX 129 1120 Compliance,Tax,Business Tax,Business Tax,6512,6512 - RE-Operators - Commercial and Industrial Bldgs,Financial Services and Real Estate,Real Estate,Lessors & Operators,Sunbelt,Florida,Greater Tampa Bay,E04517,Derek Zuniga
PRJ-20547346,"Greenfield Agribusiness Group - AS 001 Audit Excl SEC, GAS, EBP, FDICIA - 2026",C111745,Greenfield Agribusiness Group,Active,true,2026-02-17,2026-09-16,2026-02-22,2026-05-01,"AS 001 Audit Excl SEC, GAS, EBP, FDICIA",Assurance,Audit,Audit,9111A,9111A - FED-EXECUTIVE OFFICE,Public Sector,Federal Government,Fed Gov,Midwest,Upper Midwest,Southern Minnesota,E04504,Cristian Santos
PRJ-20548776,Greenfield Agribusiness Group - TX 131 1065 Compliance - 2026,C111745,Greenfield Agribusiness Group,Active,true,2026-02-03,2026-08-02,2026-02-15,2026-05-03,TX 131 1065 Compliance,Tax,Business Tax,Business Tax,0119,"0119 - AG-Cash Grains, nec",Other Industries,"Agribusiness, Food and Beverage",Field Crops and Grain,Midwest,Upper Midwest,Southern Minnesota,E04955,Devon Carrington
PRJ-20550140,Greenfield Dairy Farms LLC - TX 131 1065 Compliance - 2026,C112042,Greenfield Dairy Farms LLC,Active,true,2026-06-28,2027-01-10,2026-07-04,2026-05-03,TX 131 1065 Compliance,Tax,Business Tax,Business Tax,0241,0241 - AG-DAIRY FARMS,Other Industries,"Agribusiness, Food and Beverage",Dairy,Sunbelt,Texas,Greater Southwest,E04542,Sherry Decker
PRJ-20551537,"Greenfield Foods Distribution - AS 001 Audit Excl SEC, GAS, EBP, FDICIA - 2026",C112880,Greenfield Foods Distribution,Active,true,2026-06-10,2026-10-06,2026-06-21,2026-05-01,"AS 001 Audit Excl SEC, GAS, EBP, FDICIA",Assurance,Audit,Audit,2099,"2099 - AG-Food Prep, nec",Other Industries,"Agribusiness, Food and Beverage",Food and Beverage,Midwest,Upper Midwest,Minneapolis,E05142,Lauren Mitchell
PRJ-20552237,Greenfield Foods Distribution - OS 219 CAAS System Services - 2026,C112880,Greenfield Foods Distribution,Active,true,2026-04-06,2026-11-29,2026-04-10,2026-05-01,OS 219 CAAS System Services,Outsourcing,CAAS,Recurring - Accounting and Finance,2099,"2099 - AG-Food Prep, nec",Other Industries,"Agribusiness, Food and Beverage",Food and Beverage,Midwest,Upper Midwest,Minneapolis,E04512,Lisa Hensley
PRJ-20553750,Anderson-Marshall - DT 285 Cyber Specialty Services - 2024,C113019,Anderson-Marshall,Completed,true,2024-04-10,2024-11-29,2024-04-18,2024-06-27,DT 285 Cyber Specialty Services,Digital,Digital - Data and Automation,Data and Automation,9111A,9111A - FED-EXECUTIVE OFFICE,Public Sector,Federal Government,Fed Gov,West,Mountain,Greater Nevada,E04501,Noah Rhodes
PRJ-20554660,Anderson-Marshall - OS 234 Enhanced Managed Services - 2025,C113019,Anderson-Marshall,Completed,true,2025-05-12,2025-12-05,2025-05-16,2025-08-29,OS 234 Enhanced Managed Services,Outsourcing,Talent Solutions,HR Consulting & Outsourcing,9111A,9111A - FED-EXECUTIVE OFFICE,Public Sector,Federal Government,Fed Gov,West,Northwest,Pacific Northwest,E04548,Joshua Blair
PRJ-20556236,Anderson-Marshall - AS 009 Review (Other than SEC) - 2026,C113019,Anderson-Marshall,Active,true,2026-05-26,2026-10-23,2026-05-29,2026-05-02,AS 009 Review (Other than SEC),Assurance,Attest Services,Attest Services,9111A,9111A - FED-EXECUTIVE OFFICE,Public Sector,Federal Government,Fed Gov,West,Northwest,Pacific Northwest,E04529,Anthony Rodriguez
PRJ-20557295,"Simmons, Meadows and Griffin - TX 148 Business Tax Consulting - 2025",C113365,"Simmons, Meadows and Griffin",Completed,true,2025-03-27,2025-07-07,2025-03-31,2025-07-07,TX 148 Business Tax Consulting,Tax,Transaction Tax,Transaction Tax,4213,"4213 - LO-Trucking,Exc Locl",Industrials,Logistics,Freight,Firmwide,National,National Resources,E04564,Jessica Callahan
PRJ-20558772,"Simmons, Meadows and Griffin - TX 148 Business Tax Consulting - 2024",C113365,"Simmons, Meadows and Griffin",Completed,true,2024-01-26,2024-07-05,2024-01-26,2024-05-02,TX 148 Business Tax Consulting,Tax,Transaction Tax,Transaction Tax,0119,"0119 - AG-Cash Grains, nec",Other Industries,"Agribusiness, Food and Beverage",Field Crops and Grain,Firmwide,National,National Resources,E04546,John Pierce
PRJ-20559822,"Simmons, Meadows and Griffin - DT 433 Intacct Implementation - 2025",C113365,"Simmons, Meadows and Griffin",Completed,true,2025-05-18,2025-10-08,2025-06-01,2025-08-26,DT 433 Intacct Implementation,Digital,Digital - Cybersecurity,IT and Cyber Services,0119,"0119 - AG-Cash Grains, nec",Other Industries,"Agribusiness, Food and Beverage",Field Crops and Grain,Firmwide,National,National Resources,E04503,Daniel Wagner
PRJ-20560830,Larsen LLC - OS 271 Internal Audit - 2025,C113570,Larsen LLC,Completed,true,2025-01-27,2025-07-31,2025-02-05,2025-06-19,OS 271 Internal Audit,Outsourcing,Retirement Plan Services,EB Third Party Admin,1799,1799 - CO-SpecTradeCont nec,Industrials,Construction,Other Contractors,Firmwide,National,National Resources,E04955,Devon Carrington
PRJ-20562711,"Mitchell, Nelson and Flores - AS 006 Audit - EBP - 2024",C113761,"Mitchell, Nelson and Flores",Completed,true,2024-05-07,2024-07-23,2024-05-20,2024-07-23,AS 006 Audit - EBP,Assurance,Audit,Audit - EBP,6552,6552 - RE- Land Subdividers and Developers,Financial Services and Real Estate,Real Estate,Developers & Subdividers,Northeast,Mid-Atlantic,Baltimore/Washington,E04516,Holly Wood
PRJ-20564425,"Mitchell, Nelson and Flores - AS 004 Single Audit - 2024",C113761,"Mitchell, Nelson and Flores",Completed,true,2024-03-26,2024-07-08,2024-03-27,2024-05-02,AS 004 Single Audit,Assurance,Compilation,Compilation,6552,6552 - RE- Land Subdividers and Developers,Financial Services and Real Estate,Real Estate,Developers & Subdividers,Northeast,Mid-Atlantic,Baltimore/Washington,E04569,William Baker
PRJ-20565740,"Mitchell, Nelson and Flores - DT 285 Cyber Specialty Services - 2025",C113761,"Mitchell, Nelson and Flores",Completed,true,2025-05-04,2026-01-09,2025-05-05,2025-10-03,DT 285 Cyber Specialty Services,Digital,Digital - Cybersecurity,IT and Cyber Services,6552,6552 - RE- Land Subdividers and Developers,Financial Services and Real Estate,Real Estate,Developers & Subdividers,Northeast,Mid-Atlantic,Baltimore/Washington,E04553,Mark Perez
PRJ-20567063,"Lewis, Perry and Rivera - OS 263 Forensic Accounting - 2024",C113826,"Lewis, Perry and Rivera",Completed,true,2024-02-03,2024-05-05,2024-02-07,2024-05-05,OS 263 Forensic Accounting,Outsourcing,CAAS,Recurring - Accounting and Finance,8641,8641 - NP-CIVIC/SOCIAL ORG,Service Industries,Nonprofit,Associations,Firmwide,National,National Resources,E04577,Megan Young
PRJ-20567803,"Lewis, Perry and Rivera - OS 234 Enhanced Managed Services - 2025",C113826,"Lewis, Perry and Rivera",Completed,true,2025-04-08,2025-09-20,2025-04-13,2025-09-06,OS 234 Enhanced Managed Services,Outsourcing,CAAS,Recurring - Accounting and Finance,8641,8641 - NP-CIVIC/SOCIAL ORG,Service Industries,Nonprofit,Associations,Firmwide,National,National Resources,E04555,Michael Lewis
PRJ-20568744,"Lewis, Perry and Rivera - TX 129 1120 Compliance - 2026",C113826,"Lewis, Perry and Rivera",Active,true,2026-01-03,2026-06-22,2026-01-04,2026-05-09,TX 129 1120 Compliance,Tax,"Gift, Trust and Estates","Gift, Trust and Estates",8221,8221 - HE-Public/Govt College/Univ,Service Industries,Higher Education,Government Higher Education,Firmwide,National,National Resources,E04511,Jamie Arnold
PRJ-20569403,Stein-Silva - DT 430 Digital Software Resale - 2025,C114171,Stein-Silva,Completed,true,2025-04-28,2025-11-17,2025-05-10,2025-10-29,DT 430 Digital Software Resale,Digital,Digital - Cybersecurity,IT and Cyber Services,8399,8399 - NP-SOCIAL SVCS NEC,Other Industries,Employee Benefit Plans,Employee Benefit Plans,Northeast,New England,Connecticut,E04528,Zachary Hicks
PRJ-20569604,Bender LLC - OS 234 Enhanced Managed Services - 2026,C114557,Bender LLC,Active,true,2026-03-24,2026-08-14,2026-04-05,2026-08-14,OS 234 Enhanced Managed Services,Outsourcing,Talent Solutions,HR Systems & Payroll,3441,3441 - MF-FABRICATED STRUCT,Industrials,Manufacturing,Metalforming and Machining,Midwest,Central,Greater Indiana,E04547,Shane Henderson
PRJ-20571092,Bender LLC - OS 271 Internal Audit - 2025,C114557,Bender LLC,Completed,true,2025-03-07,2025-11-15,2025-03-15,2025-05-13,OS 271 Internal Audit,Outsourcing,Talent Solutions,Talent Solution - Search,3441,3441 - MF-FABRICATED STRUCT,Industrials,Manufacturing,Metalforming and Machining,Firmwide,National,National Resources,E04553,Mark Perez
PRJ-20572210,Bender LLC - DT 433 Intacct Implementation - 2025,C114557,Bender LLC,Completed,true,2025-01-01,2025-04-23,2025-01-05,2025-03-30,DT 433 Intacct Implementation,Digital,Digital - Cybersecurity,IT and Cyber Services,3441,3441 - MF-FABRICATED STRUCT,Industrials,Manufacturing,Metalforming and Machining,Firmwide,National,National Resources,E04576,Angela Lopez
PRJ-20572808,"Payne, Morrison and Walker - OS 263 Forensic Accounting - 2025",C114810,"Payne, Morrison and Walker",Completed,true,2025-04-01,2025-08-22,2025-04-03,2025-08-22,OS 263 Forensic Accounting,Outsourcing,Retirement Plan Services,EB Third Party Admin,1799,1799 - CO-SpecTradeCont nec,Industrials,Construction,Highway Heavy,West,Southern CA,Southern California,E04514,Dylan Miller
PRJ-20573919,Caldwell-Yates - TX 130 1120S Compliance - 2025,C115258,Caldwell-Yates,Completed,true,2025-02-06,2025-09-08,2025-02-08,2025-03-29,TX 130 1120S Compliance,Tax,Federal Tax Strategies,Federal Tax Strategies,9111A,9111A - FED-EXECUTIVE OFFICE,Public Sector,Federal Government,Fed Gov,Northeast,Mid-Atlantic,Greater Philadelphia,E04532,Tricia Valencia
PRJ-20574654,Caldwell-Yates - OS 263 Forensic Accounting - 2026,C115258,Caldwell-Yates,Active,true,2026-04-03,2026-09-30,2026-04-10,2026-05-03,OS 263 Forensic Accounting,Outsourcing,Retirement Plan Services,EB Third Party Admin,8221,8221 - HE-Public/Govt College/Univ,Service Industries,Higher Education,Government Higher Education,Northeast,Mid-Atlantic,Greater Philadelphia,E04519,Carla Gray
PRJ-20576203,"Johnson, Long and Elliott - OS 219 CAAS System Services - 2026",C115612,"Johnson, Long and Elliott",Active,true,2026-01-26,2026-06-22,2026-02-06,2026-03-29,OS 219 CAAS System Services,Outsourcing,Retirement Plan Services,EB Third Party Admin,8062,8062 - HC-Med/Surg HOSPITAL,Health Care,Health Care and Life Sciences,Hospitals Systems,Northeast,New England,Connecticut,E04557,Richard Aguirre
PRJ-20577445,"Johnson, Long and Elliott - TX 117 990 Compliance - Tax Exempts - 2025",C115612,"Johnson, Long and Elliott",Completed,true,2025-04-25,2025-09-18,2025-05-05,2025-06-17,TX 117 990 Compliance - Tax Exempts,Tax,Individual Compliance and Consulting,Individual Compliance and Consulting,8399,8399 - NP-SOCIAL SVCS NEC,Other Industries,Employee Benefit Plans,Employee Benefit Plans,Northeast,New England,Connecticut,E04549,Eric Carney
PRJ-20577718,"Johnson, Long and Elliott - TX 130 1120S Compliance - 2025",C115612,"Johnson, Long and Elliott",Completed,true,2025-03-21,2025-11-14,2025-03-31,2025-08-08,TX 130 1120S Compliance,Tax,Individual Compliance and Consulting,Individual Compliance and Consulting,8062,8062 - HC-Med/Surg HOSPITAL,Health Care,Health Care and Life Sciences,Hospitals Systems,Northeast,New England,Connecticut,E04544,Angelica Tucker
PRJ-20579387,Williams Group - TX 117 990 Compliance - Tax Exempts - 2024,C115847,Williams Group,Completed,true,2024-05-25,2024-12-09,2024-06-07,2024-11-18,TX 117 990 Compliance - Tax Exempts,Tax,Federal Tax Strategies,Federal Tax Strategies,9111A,9111A - FED-EXECUTIVE OFFICE,Public Sector,State & Local Government,"Municipality (County, City, Town, Village, etc.)",West,PacWest,Central California,E04512,Lisa Hensley
PRJ-20579976,Williams Group - TX 162 Transaction Tax-Due Diligence-Buy - 2026,C115847,Williams Group,Active,true,2026-04-12,2026-12-01,2026-04-23,2026-05-02,TX 162 Transaction Tax-Due Diligence-Buy Side,Tax,Federal Tax Strategies,Federal Tax Strategies,6331,6331 - FS-FIRE/SEA/CSLTYINS,Service Industries,Professional Services,"Financial Prof Serv Insurance Companies, Agents & Brokers",West,PacWest,Central California,E04505,Connie Lawrence
PRJ-20580634,Walton-Decker - AS 011 Compilation - Full Disclosure - 2024,C116295,Walton-Decker,Completed,true,2024-01-23,2024-08-02,2024-02-05,2024-04-06,AS 011 Compilation - Full Disclosure,Assurance,Assurance Related Consulting,Assurance Related Consulting,9111A,9111A - FED-EXECUTIVE OFFICE,Public Sector,Federal Government,Fed Gov,West,Northwest,Inland Northwest,E04570,Jordan Henderson
PRJ-20580901,Walton-Decker - OS 271 Internal Audit - 2026,C116295,Walton-Decker,Completed,true,2026-01-14,2026-03-28,2026-01-20,2026-03-28,OS 271 Internal Audit,Outsourcing,CAAS,Recurring - Accounting and Finance,9111A,9111A - FED-EXECUTIVE OFFICE,Public Sector,Federal Government,Fed Gov,West,Northwest,Inland Northwest,E04544,Angelica Tucker
PRJ-20581163,Walton-Decker - AS 004 Single Audit - 2024,C116295,Walton-Decker,Completed,false,2024-01-10,2024-07-08,2024-01-21,2024-03-26,AS 004 Single Audit,Assurance,Assurance Related Consulting,Assurance Related Consulting,9111A,9111A - FED-EXECUTIVE OFFICE,Public Sector,State & Local Government,Housing Authority,West,Northwest,Inland Northwest,E04517,Derek Zuniga
PRJ-20582623,"Williams, Crane and Walker - OS 234 Enhanced Managed Services - 2025",C116466,"Williams, Crane and Walker",Completed,true,2025-03-14,2025-05-13,2025-03-23,2025-05-13,OS 234 Enhanced Managed Services,Outsourcing,Retirement Plan Services,EB Third Party Admin,6331,6331 - FS-FIRE/SEA/CSLTYINS,Financial Services and Real Estate,Financial Services,Insurance,West,Northwest,Pacific Northwest,E04518,Lisa Jackson
PRJ-20584068,"Williams, Crane and Walker - AS 013 Other Agreed Upon Procedures (exc - 2026",C116466,"Williams, Crane and Walker",Active,true,2026-01-21,2026-06-29,2026-01-26,2026-05-03,AS 013 Other Agreed Upon Procedures (exc,Assurance,Attest Services,Attest Services,1799,1799 - CO-SpecTradeCont nec,Industrials,Construction,Highway Heavy,West,Northwest,Pacific Northwest,E04560,Victoria Garcia
PRJ-20585757,"Williams, Crane and Walker - DT 254 HIPAA Security Risk Analysis - 2026",C116466,"Williams, Crane and Walker",Active,true,2026-03-27,2026-11-06,2026-03-29,2026-05-04,DT 254 HIPAA Security Risk Analysis,Digital,Digital - Cybersecurity,IT and Cyber Services,9111A,9111A - FED-EXECUTIVE OFFICE,Public Sector,Federal Government,Fed Gov,West,Northwest,Pacific Northwest,E04569,William Baker
PRJ-20586875,Gonzalez Inc - AS 009 Review (Other than SEC) - 2024,C116674,Gonzalez Inc,Completed,true,2024-03-14,2024-08-23,2024-03-25,2024-08-14,AS 009 Review (Other than SEC),Assurance,Assurance Related Consulting,Assurance Related Consulting,9111A,9111A - FED-EXECUTIVE OFFICE,Public Sector,State & Local Government,"Municipality (County, City, Town, Village, etc.)",Firmwide,National,National Resources,E04515,Brian Ramirez
PRJ-20588328,Gonzalez Inc - AS 003 Audit Performed under GAS (excl A - 2026,C116674,Gonzalez Inc,Active,true,2026-05-27,2026-09-10,2026-06-04,2026-09-10,AS 003 Audit Performed under GAS (excl A-133 and Hud),Assurance,Assurance Related Consulting,Assurance Related Consulting,8011,"8011 - HC-PHYSICIAN,OFFC OF",Health Care,Health Care and Life Sciences,Physicians,Firmwide,National,National Resources,E04555,Michael Lewis
PRJ-20589172,Gonzalez Inc - OS 263 Forensic Accounting - 2025,C116674,Gonzalez Inc,Completed,true,2025-01-24,2025-06-23,2025-02-02,2025-06-23,OS 263 Forensic Accounting,Outsourcing,CAAS,Recurring - Outsource Services,8011,"8011 - HC-PHYSICIAN,OFFC OF",Health Care,Health Care and Life Sciences,Physicians,Firmwide,National,National Resources,E04557,Richard Aguirre
PRJ-20589504,"Gould, Marshall and Scott - OS 271 Internal Audit - 2026",C116788,"Gould, Marshall and Scott",Active,false,2026-05-05,2026-11-16,2026-05-10,2026-09-18,OS 271 Internal Audit,Outsourcing,Talent Solutions,HR Systems & Payroll,8748B,8748B - TE-Technology Consulting/Web,Other Industries,Individual Industry,Individual,Firmwide,National,National Resources,E04509,Ryan Munoz
PRJ-20590645,Rodriguez-Johnson - AS 021 Assurance Related Consulting Serv - 2024,C117234,Rodriguez-Johnson,Completed,true,2024-06-28,2024-11-16,2024-07-08,2024-11-03,AS 021 Assurance Related Consulting Serv,Assurance,Agreed Upon Procedures,Agreed Upon Procedures,3429,3429 - MF-Hardware nec,Service Industries,Technology,Hardware,Midwest,Central,Greater Missouri,E04511,Jamie Arnold
PRJ-20592213,Rodriguez-Johnson - TX 127 1040 Compliance - 2024,C117234,Rodriguez-Johnson,Completed,true,2024-05-19,2024-10-20,2024-05-26,2024-10-20,TX 127 1040 Compliance,Tax,Transaction Tax,Transaction Tax,6531,6531 - RE-Real Estate Agents and Property Managers,Financial Services and Real Estate,Real Estate,Other Real Estate,Firmwide,National,National Resources,E04546,John Pierce
PRJ-20593613,Jones Ltd - TX 129 1120 Compliance - 2026,C117612,Jones Ltd,Active,true,2026-02-10,2026-05-23,2026-02-12,2026-05-03,TX 129 1120 Compliance,Tax,State & Local Tax (SALT),State & Local Tax (SALT),6531,6531 - RE-Real Estate Agents and Property Managers,Financial Services and Real Estate,Real Estate,Other Real Estate,Firmwide,National,National Resources,E04566,Tracy House
PRJ-20595560,Jones Ltd - DT 210 External Penetration Testing - 2025,C117612,Jones Ltd,Completed,true,2025-06-06,2026-01-03,2025-06-15,2025-08-23,DT 210 External Penetration Testing,Digital,Digital - Software Solutions,Intacct,8748B,8748B - TE-Technology Consulting/Web,Service Industries,Retail,Consumer Services,West,PacWest,Northern California,E04564,Jessica Callahan
PRJ-20596253,Jones Ltd - AS 009 Review (Other than SEC) - 2026,C117612,Jones Ltd,Active,true,2026-02-25,2026-09-19,2026-03-03,2026-04-09,AS 009 Review (Other than SEC),Assurance,Audit,Audit,8748B,8748B - TE-Technology Consulting/Web,Service Industries,Retail,Consumer Services,West,PacWest,Northern California,E04955,Devon Carrington
PRJ-20597308,"Trujillo, Hogan and Knight - DT 285 Cyber Specialty Services - 2025",C118014,"Trujillo, Hogan and Knight",Completed,true,2025-04-05,2025-12-15,2025-04-10,2025-09-18,DT 285 Cyber Specialty Services,Digital,Digital - Software Solutions,Acumatica,3429,3429 - MF-Hardware nec,Industrials,Manufacturing,Hardware,Sunbelt,Florida,Greater Tampa Bay,E04544,Angelica Tucker
PRJ-20598344,"Peterson, Atkinson and Short - TX 162 Transaction Tax-Due Diligence-Buy - 2026",C118506,"Peterson, Atkinson and Short",Active,true,2026-04-16,2026-09-01,2026-04-23,2026-05-01,TX 162 Transaction Tax-Due Diligence-Buy Side,Tax,Transaction Tax,Transaction Tax,9111A,9111A - FED-EXECUTIVE OFFICE,Public Sector,Federal Government,Fed Gov,Firmwide,National,National Resources,E04565,Amber Kidd
PRJ-20598718,"Peterson, Atkinson and Short - AS 021 Assurance Related Consulting Serv - 2024",C118506,"Peterson, Atkinson and Short",Completed,true,2024-06-22,2024-12-19,2024-06-26,2024-12-10,AS 021 Assurance Related Consulting Serv,Assurance,Audit,Audit - EBP,9111A,9111A - FED-EXECUTIVE OFFICE,Public Sector,Federal Government,Fed Gov,Firmwide,National,National Resources,E04576,Angela Lopez
PRJ-20599113,Thompson-Boyd - DT 430 Digital Software Resale - 2026,C118847,Thompson-Boyd,Active,true,2026-02-04,2026-07-14,2026-02-09,2026-05-03,DT 430 Digital Software Resale,Digital,Digital - Software Solutions,Intacct,8399,8399 - NP-SOCIAL SVCS NEC,Other Industries,Employee Benefit Plans,Employee Benefit Plans,Northeast,New England,Southern New England,E04515,Brian Ramirez
PRJ-20600017,Thompson-Boyd - AS 004 Single Audit - 2026,C118847,Thompson-Boyd,Active,true,2026-04-17,2026-10-10,2026-04-19,2026-05-05,AS 004 Single Audit,Assurance,Audit,Audit,6531,6531 - RE-Real Estate Agents and Property Managers,Financial Services and Real Estate,Real Estate,Other Real Estate,Northeast,New England,Southern New England,E04542,Sherry Decker
PRJ-20601405,Graham-Simon - AS 009 Review (Other than SEC) - 2025,C119314,Graham-Simon,Completed,true,2025-05-19,2025-09-14,2025-05-30,2025-07-12,AS 009 Review (Other than SEC),Assurance,Attest Services,Attest Services,8399,8399 - NP-SOCIAL SVCS NEC,Other Industries,Employee Benefit Plans,Employee Benefit Plans,West,Northwest,Inland Northwest,E04955,Devon Carrington
PRJ-20603092,Graham-Simon - TX 131 1065 Compliance - 2025,C119314,Graham-Simon,Completed,true,2025-04-11,2025-09-25,2025-04-13,2025-08-26,TX 131 1065 Compliance,Tax,Business Tax,Business Tax,8399,8399 - NP-SOCIAL SVCS NEC,Other Industries,Employee Benefit Plans,Employee Benefit Plans,West,Northwest,Inland Northwest,E04502,Angie Henderson
PRJ-20605060,Graham-Simon - AS 006 Audit - EBP - 2025,C119314,Graham-Simon,Completed,true,2025-03-22,2025-09-20,2025-03-30,2025-08-03,AS 006 Audit - EBP,Assurance,Assurance Related Consulting,Assurance Related Consulting,8399,8399 - NP-SOCIAL SVCS NEC,Other Industries,Employee Benefit Plans,Employee Benefit Plans,West,Northwest,Inland Northwest,E04571,Whitney Peters
PRJ-20605246,Keith-Sanchez - DT 430 Digital Software Resale - 2026,C119506,Keith-Sanchez,Active,true,2026-03-04,2026-09-26,2026-03-14,2026-05-05,DT 430 Digital Software Resale,Digital,Digital - Data and Automation,Data and Automation,6331,6331 - FS-FIRE/SEA/CSLTYINS,Service Industries,Professional Services,"Financial Prof Serv Insurance Companies, Agents & Brokers",Northeast,New England,Southern New England,E04535,Jeffrey Chavez
PRJ-20606741,Rosales-White - TX 148 Business Tax Consulting - 2026,C119665,Rosales-White,Active,true,2026-06-08,2026-08-20,2026-06-09,2026-05-04,TX 148 Business Tax Consulting,Tax,Federal Tax Strategies,Federal Tax Strategies,2099,"2099 - AG-Food Prep, nec",Other Industries,"Agribusiness, Food and Beverage",Food and Beverage,Sunbelt,Texas,Southern Texas,E04528,Zachary Hicks
PRJ-20607527,"Haynes, Hill and Smith - AS 004 Single Audit - 2026",C120102,"Haynes, Hill and Smith",Active,true,2026-04-26,2026-10-29,2026-04-28,2026-05-03,AS 004 Single Audit,Assurance,Review,Review,2836,2836 - HC-Biological Prod,Health Care,Health Care and Life Sciences,Life Science,Sunbelt,Florida,Southwest Florida,E04504,Cristian Santos
PRJ-20608005,"Chang, Vaughn and Brewer - DT 230 CIS Critical Controls Assessment - 2026",C120566,"Chang, Vaughn and Brewer",Active,true,2026-06-13,2026-11-29,2026-06-21,2026-10-12,DT 230 CIS Critical Controls Assessment,Digital,Digital - Data and Automation,Data and Automation,8748B,8748B - TE-Technology Consulting/Web,Other Industries,Individual Industry,Individual,Midwest,Wisconsin,Northern Wisconsin,E04578,Steve Sanchez
PRJ-20608640,"Chang, Vaughn and Brewer - TX 170 International Business Tax Compli - 2025",C120566,"Chang, Vaughn and Brewer",Completed,true,2025-04-25,2025-08-31,2025-04-30,2025-08-15,TX 170 International Business Tax Compliance,Tax,Business Tax,Business Tax,8748B,8748B - TE-Technology Consulting/Web,Other Industries,Individual Industry,Individual,Midwest,Wisconsin,Northern Wisconsin,E04530,Rebecca Henderson
PRJ-20609960,Sullivan and Sons - TX 130 1120S Compliance - 2025,C120823,Sullivan and Sons,Completed,true,2025-06-20,2025-11-22,2025-06-26,2025-11-22,TX 130 1120S Compliance,Tax,Federal Tax Strategies,Federal Tax Strategies,8399A,"8399A - NP-Foundation-Community,Supporting,FundRaising",Service Industries,Nonprofit,Foundations,Firmwide,National,National Resources,E04558,Brent Jordan
PRJ-20610480,Sullivan and Sons - DT 210 External Penetration Testing - 2024,C120823,Sullivan and Sons,Completed,true,2024-05-07,2024-11-29,2024-05-15,2024-07-22,DT 210 External Penetration Testing,Digital,Digital - Cybersecurity,IT and Cyber Services,0119,"0119 - AG-Cash Grains, nec",Other Industries,"Agribusiness, Food and Beverage",Field Crops and Grain,Sunbelt,CaroLantAville,Greater Tennessee,E04570,Jordan Henderson
PRJ-20611546,"Cooper, Barajas and Pierce - DT 430 Digital Software Resale - 2026",C121085,"Cooper, Barajas and Pierce",Active,false,2026-01-14,2026-06-11,2026-01-25,2026-03-12,DT 430 Digital Software Resale,Digital,Digital - Cybersecurity,IT and Cyber Services,9111A,9111A - FED-EXECUTIVE OFFICE,Public Sector,Federal Government,Fed Gov,Firmwide,National,National Resources,E04509,Ryan Munoz
PRJ-20612750,"Cooper, Barajas and Pierce - TX 188 SALT Consulting - 2025",C121085,"Cooper, Barajas and Pierce",Completed,true,2025-04-28,2025-10-01,2025-05-04,2025-06-23,TX 188 SALT Consulting,Tax,Transaction Tax,Transaction Tax,9111A,9111A - FED-EXECUTIVE OFFICE,Public Sector,Federal Government,Fed Gov,Firmwide,National,National Resources,E04548,Joshua Blair
PRJ-20614109,Martinez and Sons - OS 271 Internal Audit - 2026,C121562,Martinez and Sons,Active,true,2026-02-09,2026-05-28,2026-02-23,2026-05-01,OS 271 Internal Audit,Outsourcing,CAAS,Recurring - Accounting and Finance,1541,1541 - CO-General Contractors-Industrial Bldgs & Warehouses,Industrials,Construction,Commercial Contractors,West,Northwest,Pacific Northwest,E04544,Angelica Tucker
PRJ-20614653,Martinez and Sons - AS 021 Assurance Related Consulting Serv - 2024,C121562,Martinez and Sons,Completed,true,2024-06-23,2024-09-03,2024-06-26,2024-08-06,AS 021 Assurance Related Consulting Serv,Assurance,Audit,Audit,1541,1541 - CO-General Contractors-Industrial Bldgs & Warehouses,Industrials,Construction,Commercial Contractors,West,Northwest,Pacific Northwest,E04576,Angela Lopez
PRJ-20615316,Martinez and Sons - DT 430 Digital Software Resale - 2024,C121562,Martinez and Sons,Completed,true,2024-06-27,2024-11-16,2024-06-30,2024-10-15,DT 430 Digital Software Resale,Digital,Digital - Cybersecurity,IT and Cyber Services,8748B,8748B - TE-Technology Consulting/Web,Other Industries,Individual Industry,Individual,West,Northwest,Pacific Northwest,E04576,Angela Lopez
PRJ-20615690,Lee Ltd - OS 234 Enhanced Managed Services - 2025,C121788,Lee Ltd,Completed,true,2025-03-28,2025-11-24,2025-03-30,2025-08-25,OS 234 Enhanced Managed Services,Outsourcing,CAAS,Recurring - Outsource Services,8748B,8748B - TE-Technology Consulting/Web,Service Industries,Retail,Consumer Services,Sunbelt,Texas,Central Texas,E04528,Zachary Hicks
PRJ-20615870,Lee Ltd - AS 003 Audit Performed under GAS (excl A - 2025,C121788,Lee Ltd,Completed,true,2025-06-27,2025-10-13,2025-06-27,2025-10-03,AS 003 Audit Performed under GAS (excl A-133 and Hud),Assurance,Agreed Upon Procedures,Agreed Upon Procedures,8641,8641 - NP-CIVIC/SOCIAL ORG,Service Industries,Nonprofit,Associations,Sunbelt,Texas,Central Texas,E04568,James Brown
PRJ-20617777,"Campbell, Garcia and Lee - TX 148 Business Tax Consulting - 2024",C121845,"Campbell, Garcia and Lee",Completed,true,2024-03-13,2024-09-08,2024-03-21,2024-07-20,TX 148 Business Tax Consulting,Tax,State & Local Tax (SALT),State & Local Tax (SALT),6712,6712 - FS-Bank Holding Co,Financial Services and Real Estate,Private Equity,Private Equity - Industry Segment,Sunbelt,CaroLantAville,Greater Carolinas,E04541,Fred Smith
PRJ-20618189,"Campbell, Garcia and Lee - OS 263 Forensic Accounting - 2024",C121845,"Campbell, Garcia and Lee",Completed,true,2024-04-02,2024-10-23,2024-04-15,2024-07-10,OS 263 Forensic Accounting,Outsourcing,Talent Solutions,HR Consulting & Outsourcing,2836,2836 - HC-Biological Prod,Health Care,Health Care and Life Sciences,Life Science,West,Northwest,Inland Northwest,E04540,Paula Moreno
PRJ-20620014,"Martinez, Williams and Brown - TX 130 1120S Compliance - 2026",C122245,"Martinez, Williams and Brown",Active,true,2026-06-02,2026-12-13,2026-06-02,2026-05-01,TX 130 1120S Compliance,Tax,Federal Tax Strategies,Federal Tax Strategies,0119,"0119 - AG-Cash Grains, nec",Other Industries,"Agribusiness, Food and Beverage",Field Crops and Grain,Midwest,Wisconsin,Southern Wisconsin,E04569,William Baker
PRJ-20620607,Garcia-Smith - AS 009 Review (Other than SEC) - 2026,C122611,Garcia-Smith,Active,true,2026-05-27,2027-01-20,2026-06-06,2026-05-04,AS 009 Review (Other than SEC),Assurance,Audit,Audit - EBP,6021,6021 - FS-Natl Commrcl Bank,Financial Services and Real Estate,Financial Services,Banks,Midwest,Wisconsin,Northern Wisconsin,E04502,Angie Henderson
PRJ-20621385,King Group - AS 013 Other Agreed Upon Procedures (exc - 2024,C122868,King Group,Completed,true,2024-05-16,2024-07-29,2024-05-26,2024-06-27,AS 013 Other Agreed Upon Procedures (exc,Assurance,Audit,Audit - EBP,8059D,8059D - HC-FQHC,Health Care,Health Care and Life Sciences,FQHC,Northeast,Mid-Atlantic,Baltimore/Washington,E04548,Joshua Blair
PRJ-20622687,King Group - AS 021 Assurance Related Consulting Serv - 2024,C122868,King Group,Completed,true,2024-01-03,2024-08-25,2024-01-17,2024-04-27,AS 021 Assurance Related Consulting Serv,Assurance,Review,Review,8222,8222 - HE-Private NP College/Univ,Service Industries,Higher Education,Private Higher Education,Northeast,New England,Connecticut,E04534,Debra Davidson
PRJ-20623495,King Group - AS 006 Audit - EBP - 2026,C122868,King Group,Active,true,2026-04-22,2026-11-06,2026-04-27,2026-05-04,AS 006 Audit - EBP,Assurance,Compilation,Compilation,6712,6712 - FS-Bank Holding Co,Financial Services and Real Estate,Private Equity,Private Equity - Industry Segment,Northeast,Mid-Atlantic,Baltimore/Washington,E04572,Brittney Phillips
PRJ-20624226,"Parks, Hernandez and Shepherd - OS 234 Enhanced Managed Services - 2025",C123242,"Parks, Hernandez and Shepherd",Completed,true,2025-01-09,2025-04-18,2025-01-15,2025-03-25,OS 234 Enhanced Managed Services,Outsourcing,CAAS,Recurring - Outsource Services,3949,3949 - MF-Sport/Athletic Gd,Industrials,Manufacturing,Consumer Products,Northeast,Mid-Atlantic,Greater New York,E04509,Ryan Munoz
PRJ-20625548,"Parks, Hernandez and Shepherd - AS 021 Assurance Related Consulting Serv - 2025",C123242,"Parks, Hernandez and Shepherd",Completed,true,2025-05-17,2025-10-28,2025-05-18,2025-06-23,AS 021 Assurance Related Consulting Serv,Assurance,Review,Review,9111A,9111A - FED-EXECUTIVE OFFICE,Public Sector,Federal Government,Fed Gov,Northeast,Mid-Atlantic,Greater New York,E04571,Whitney Peters
PRJ-20625932,"Parks, Hernandez and Shepherd - AS 013 Other Agreed Upon Procedures (exc - 2025",C123242,"Parks, Hernandez and Shepherd",Completed,true,2025-06-18,2025-10-18,2025-06-27,2025-10-18,AS 013 Other Agreed Upon Procedures (exc,Assurance,Compilation,Compilation,9111A,9111A - FED-EXECUTIVE OFFICE,Public Sector,Federal Government,Fed Gov,Northeast,Mid-Atlantic,Greater New York,E04510,Monica Herrera
PRJ-20627702,Obrien-Gibbs - TX 130 1120S Compliance - 2026,C123507,Obrien-Gibbs,Active,true,2026-01-13,2026-06-07,2026-01-26,2026-05-05,TX 130 1120S Compliance,Tax,State & Local Tax (SALT),State & Local Tax (SALT),3429,3429 - MF-Hardware nec,Industrials,Manufacturing,Hardware,Sunbelt,Florida,Greater Tampa Bay,E04538,Elizabeth Fowler
PRJ-20628376,Obrien-Gibbs - TX 131 1065 Compliance - 2026,C123507,Obrien-Gibbs,Active,true,2026-03-06,2026-08-14,2026-03-11,2026-05-03,TX 131 1065 Compliance,Tax,Individual Compliance and Consulting,Individual Compliance and Consulting,8399,8399 - NP-SOCIAL SVCS NEC,Other Industries,Employee Benefit Plans,Employee Benefit Plans,Firmwide,National,National Resources,E04561,Gerald Hensley
PRJ-20628761,Obrien-Gibbs - TX 148 Business Tax Consulting - 2025,C123507,Obrien-Gibbs,Completed,true,2025-06-15,2026-02-11,2025-06-18,2025-11-07,TX 148 Business Tax Consulting,Tax,International Tax,International Tax,0241,0241 - AG-DAIRY FARMS,Other Industries,"Agribusiness, Food and Beverage",Dairy,Firmwide,National,National Resources,E04503,Daniel Wagner
